{
  "training": {
    "train_loss": 0.38132277727127073,
    "eval_loss": 0.37477827072143555,
    "perplexity": 1.4546688361853837,
    "duration_minutes": 109.8218755642573,
    "trainable_params": 35651584,
    "trainable_pct": 1.7435312416901074
  },
  "structural": {
    "json_validity_rate": 1.0,
    "schema_compliance_rate": 1.0,
    "rubric_range_compliance": 1.0,
    "issue_template_compliance": 1.0,
    "severity_status_compliance": 0.9473684210526315
  },
  "semantic": {
    "rubric_mae": {
      "requirements_alignment": 0.72,
      "architecture_quality": 0.7,
      "security": 0.8,
      "operability": 0.68,
      "internal_consistency": 0.9
    },
    "rubric_mae_overall": 0.76,
    "issue_f1": 0.6696296296296296,
    "issue_f1_category": 0.8444444444444444,
    "blocking_agreement": 0.9
  }
}