{
  "model": "gemini-2.5-flash-lite",
  "mode": "gemini25flash_lite_zero_shot",
  "n_evaluated": 50,
  "structural": {
    "json_validity": 0.92,
    "schema_compliance": 0.9565217391304348,
    "section_coverage": 0.9884057971014493,
    "section_f1": 0.9926341177237468,
    "fix_report_struct": 1.0,
    "title_no_round": 0.8043478260869565,
    "auditor_leak_rate": 0.0
  },
  "rouge_l": {
    "thinking_summary": 0.16346426782821866,
    "executive_summary": 0.2781360731767127,
    "architecture_overview": 0.22661015694081812
  },
  "llm_judge": {
    "contract_alignment": 9.0,
    "fix_report_accuracy": 8.804347826086957,
    "architecture_quality": 8.26086956521739,
    "security_coverage": 8.217391304347826,
    "plan_completeness": 8.173913043478262,
    "failed": 0
  }
}