{
    "epoch": 5.0,
    "eval_loss": 0.3975387215614319,
    "eval_runtime": 57.7485,
    "eval_samples_per_second": 1.957,
    "eval_steps_per_second": 1.957,
    "total_flos": 2.6892518387764224e+17,
    "train_loss": 0.39216134104617806,
    "train_runtime": 6561.0258,
    "train_samples_per_second": 0.523,
    "train_steps_per_second": 0.066
}