{
  "training": {
    "train_loss": 0.39216134104617806,
    "eval_loss": 0.3975387215614319,
    "perplexity": 1.4881574166300153,
    "duration_minutes": 109.35331898927689,
    "trainable_params": 35651584,
    "trainable_pct": 1.7435312416901074
  },
  "structural": {
    "json_validity_rate": 0.98,
    "schema_compliance_rate": 0.98,
    "rubric_range_compliance": 0.98,
    "issue_template_compliance": 1.0,
    "severity_status_compliance": 0.9830508474576272
  },
  "semantic": {
    "rubric_mae": {
      "requirements_alignment": 0.7959183673469388,
      "architecture_quality": 0.8979591836734694,
      "security": 1.0408163265306123,
      "operability": 1.183673469387755,
      "internal_consistency": 1.2244897959183674
    },
    "rubric_mae_overall": 1.0285714285714285,
    "issue_f1": 0.44680851063829785,
    "issue_f1_category": 0.6631205673758865,
    "blocking_agreement": 0.9183673469387755
  },
  "rouge_l": {
    "thinking_summary": 0.27150728874498314,
    "summary": 0.22686744373203363
  }
}