{
  "training": {
    "train_loss": 0.2866371463551078,
    "eval_loss": 0.4953383803367615,
    "perplexity": 1.6410534453337786,
    "duration_minutes": 109.20105515321096,
    "trainable_params": 161480704,
    "trainable_pct": 3.576971657167717
  },
  "structural": {
    "json_validity_rate": 1.0,
    "schema_compliance_rate": 1.0,
    "rubric_range_compliance": 1.0,
    "issue_template_compliance": 1.0,
    "severity_status_compliance": 0.9838709677419355
  },
  "semantic": {
    "rubric_mae": {
      "requirements_alignment": 0.7,
      "architecture_quality": 0.92,
      "security": 1.16,
      "operability": 1.32,
      "internal_consistency": 1.16
    },
    "rubric_mae_overall": 1.052,
    "issue_f1": 0.47222222222222215,
    "issue_f1_category": 0.7291666666666666,
    "blocking_agreement": 0.98
  },
  "rouge_l": {
    "thinking_summary": 0.43033589188444205,
    "summary": 0.3996056869785476
  },
  "llm_judge": {
    "issue_identification": 9.52,
    "reasoning_quality": 8.7,
    "recommendation_actionability": 8.66,
    "rubric_calibration": 7.44,
    "overall_audit_quality": 8.68
  }
}