{
  "model_name": "meta-llama/Meta-Llama-3.1-8B-Instruct",
  "mode": "base_model_zero_shot",
  "dataset_path": "auditor_dataset_rescored.jsonl",
  "dataset_size": 799,
  "formatted_size": 799,
  "val_size": 113,
  "n_evaluated": 50,
  "config": {
    "max_seq_length": 8192,
    "val_ratio": 0.15
  },
  "structural_metrics": {
    "json_validity": 0.44,
    "schema_compliance": 1.0,
    "rubric_range": 1.0,
    "issue_template": 0.0,
    "sev_status_enum": 0.7941176470588235
  },
  "semantic_metrics": {
    "issue_f1_exact": 0.5149999999999999,
    "issue_f1_category": 0.5666666666666667,
    "blocking_agreement": 0.0,
    "rubric_mae_per_dim": {
      "requirements_alignment": 2.727272727272727,
      "architecture_quality": 1.2727272727272727,
      "security": 1.7727272727272727,
      "operability": 1.9545454545454546,
      "internal_consistency": 2.1818181818181817
    },
    "rubric_mae_mean": 1.9818181818181817
  },
  "rouge_l": {
    "thinking_summary": 0.13640105969903502,
    "summary": 0.11110786141725981
  },
  "llm_judge": {
    "issue_identification": 6.181818181818182,
    "reasoning_quality": 5.545454545454546,
    "recommendation_actionability": 6.5,
    "rubric_calibration": 4.2272727272727275,
    "overall_audit_quality": 5.681818181818182,
    "failed": 0
  },
  "end_token": "<|eot_id|>",
  "seed": 42,
  "lora_adapter": null,
  "fine_tuned": false
}