{
    "epoch": 5.0,
    "total_flos": 2.6690261695438848e+17,
    "train_loss": 0.38132277727127073,
    "train_runtime": 6589.0596,
    "train_samples_per_second": 0.517,
    "train_steps_per_second": 0.065
}