{
    "epoch": 5.0,
    "eval_loss": 0.4953383803367615,
    "eval_runtime": 60.6102,
    "eval_samples_per_second": 1.864,
    "eval_steps_per_second": 1.864,
    "total_flos": 4.321822588075776e+17,
    "train_loss": 0.2866371463551078,
    "train_runtime": 6551.5461,
    "train_samples_per_second": 0.524,
    "train_steps_per_second": 0.066
}