{
    "epoch": 5.0,
    "eval_loss": 0.4793039560317993,
    "eval_runtime": 30.6676,
    "eval_samples_per_second": 3.685,
    "eval_steps_per_second": 3.685,
    "total_flos": 1.3769384508290304e+17,
    "train_loss": 0.24884969619817512,
    "train_runtime": 3240.7126,
    "train_samples_per_second": 1.058,
    "train_steps_per_second": 0.133
}